Id,Room
ID_1,1
ID_2,4
ID_3,4
ID_4,2
ID_5,1
ID_6,3
ID_7,1
ID_8,4
ID_9,2
ID_10,2
ID_11,3
ID_12,4
ID_13,4
ID_14,2
ID_15,1
ID_16,3
ID_17,3
ID_18,3
ID_19,1
ID_20,3
ID_21,2
ID_22,3
ID_23,3
ID_24,4
ID_25,2
ID_26,2
ID_27,4
ID_28,4
ID_29,2
ID_30,4
ID_31,3
ID_32,4
ID_33,2
ID_34,1
ID_35,3
ID_36,3
ID_37,2
ID_38,1
ID_39,1
ID_40,4
ID_41,3
ID_42,1
ID_43,1
ID_44,1
ID_45,4
ID_46,4
ID_47,3
ID_48,3
ID_49,4
ID_50,3
ID_51,4
ID_52,1
ID_53,4
ID_54,1
ID_55,1
ID_56,1
ID_57,1
ID_58,2
ID_59,2
ID_60,1
ID_61,2
ID_62,4
ID_63,4
ID_64,3
ID_65,1
ID_66,4
ID_67,4
ID_68,1
ID_69,2
ID_70,4
ID_71,1
ID_72,2
ID_73,2
ID_74,3
ID_75,4
ID_76,1
ID_77,3
ID_78,4
ID_79,3
ID_80,3
ID_81,3
ID_82,2
ID_83,2
ID_84,4
ID_85,2
ID_86,4
ID_87,4
ID_88,4
ID_89,2
ID_90,4
ID_91,4
ID_92,2
ID_93,4
ID_94,4
ID_95,3
ID_96,3
ID_97,4
ID_98,1
ID_99,3
ID_100,1
ID_101,1
ID_102,1
ID_103,1
ID_104,3
ID_105,2
ID_106,2
ID_107,3
ID_108,4
ID_109,1
ID_110,3
ID_111,1
ID_112,2
ID_113,4
ID_114,2
ID_115,4
ID_116,1
ID_117,4
ID_118,2
ID_119,3
ID_120,2
ID_121,4
ID_122,4
ID_123,2
ID_124,3
ID_125,2
ID_126,3
ID_127,3
ID_128,3
ID_129,2
ID_130,2
ID_131,3
ID_132,3
ID_133,4
ID_134,4
ID_135,3
ID_136,1
ID_137,4
ID_138,4
ID_139,2
ID_140,4
ID_141,1
ID_142,4
ID_143,4
ID_144,4
ID_145,1
ID_146,1
ID_147,2
ID_148,1
ID_149,3
ID_150,3
ID_151,4
ID_152,3
ID_153,3
ID_154,3
ID_155,2
ID_156,4
ID_157,4
ID_158,4
ID_159,2
ID_160,1
ID_161,2
ID_162,2
ID_163,2
ID_164,1
ID_165,2
ID_166,4
ID_167,1
ID_168,3
ID_169,4
ID_170,2
ID_171,2
ID_172,1
ID_173,2
ID_174,1
ID_175,3
ID_176,1
ID_177,2
ID_178,3
ID_179,2
ID_180,3
ID_181,4
ID_182,3
ID_183,3
ID_184,1
ID_185,3
ID_186,1
ID_187,1
ID_188,4
ID_189,2
ID_190,3
ID_191,3
ID_192,1
ID_193,4
ID_194,4
ID_195,2
ID_196,2
ID_197,2
ID_198,4
ID_199,3
ID_200,4
ID_201,4
ID_202,3
ID_203,2
ID_204,3
ID_205,3
ID_206,1
ID_207,1
ID_208,2
ID_209,1
ID_210,4
ID_211,4
ID_212,3
ID_213,2
ID_214,3
ID_215,2
ID_216,1
ID_217,1
ID_218,2
ID_219,1
ID_220,3
ID_221,3
ID_222,1
ID_223,4
ID_224,1
ID_225,2
ID_226,3
ID_227,1
ID_228,3
ID_229,3
ID_230,4
ID_231,3
ID_232,3
ID_233,1
ID_234,4
ID_235,3
ID_236,3
ID_237,2
ID_238,4
ID_239,2
ID_240,1
ID_241,2
ID_242,2
ID_243,4
ID_244,1
ID_245,1
ID_246,4
ID_247,2
ID_248,3
ID_249,3
ID_250,1
ID_251,1
ID_252,3
ID_253,3
ID_254,1
ID_255,2
ID_256,4
ID_257,4
ID_258,4
ID_259,4
ID_260,4
ID_261,3
ID_262,2
ID_263,3
ID_264,1
ID_265,3
ID_266,3
ID_267,1
ID_268,2
ID_269,2
ID_270,1
ID_271,4
ID_272,1
ID_273,1
ID_274,2
ID_275,3
ID_276,4
ID_277,1
ID_278,1
ID_279,1
ID_280,2
ID_281,4
ID_282,4
ID_283,1
ID_284,3
ID_285,1
ID_286,3
ID_287,3
ID_288,1
ID_289,1
ID_290,3
ID_291,2
ID_292,3
ID_293,2
ID_294,1
ID_295,3
ID_296,4
ID_297,3
ID_298,2
ID_299,3
ID_300,3
ID_301,1
ID_302,2
ID_303,2
ID_304,1
ID_305,1
ID_306,1
ID_307,1
ID_308,1
ID_309,1
ID_310,4
ID_311,4
ID_312,4
ID_313,3
ID_314,2
ID_315,1
ID_316,3
ID_317,4
ID_318,3
ID_319,1
ID_320,1
ID_321,4
ID_322,4
ID_323,4
ID_324,2
ID_325,2
ID_326,2
ID_327,1
ID_328,3
ID_329,4
ID_330,4
ID_331,1
ID_332,4
ID_333,1
ID_334,2
ID_335,1
ID_336,1
ID_337,1
ID_338,1
ID_339,2
ID_340,3
ID_341,3
ID_342,4
ID_343,3
ID_344,3
ID_345,4
ID_346,4
ID_347,3
ID_348,1
ID_349,3
ID_350,1
ID_351,1
ID_352,1
ID_353,2
ID_354,3
ID_355,1
ID_356,2
ID_357,4
ID_358,2
ID_359,3
ID_360,2
ID_361,4
ID_362,3
ID_363,2
ID_364,4
ID_365,4
ID_366,3
ID_367,4
ID_368,2
ID_369,1
ID_370,4
ID_371,4
ID_372,2
ID_373,1
ID_374,3
ID_375,2
ID_376,2
ID_377,2
ID_378,2
ID_379,3
ID_380,3
ID_381,3
ID_382,2
ID_383,2
ID_384,1
ID_385,2
ID_386,1
ID_387,1
ID_388,4
ID_389,2
ID_390,4
ID_391,2
ID_392,1
ID_393,3
ID_394,2
ID_395,1
ID_396,4
ID_397,4
ID_398,3
ID_399,3
ID_400,1
ID_401,3
ID_402,3
ID_403,2
ID_404,2
ID_405,4
ID_406,1
ID_407,3
ID_408,2
ID_409,4
ID_410,3
ID_411,4
ID_412,1
ID_413,4
ID_414,4
ID_415,2
ID_416,4
ID_417,2
ID_418,3
ID_419,4
ID_420,3
ID_421,4
ID_422,2
ID_423,2
ID_424,4
ID_425,2
ID_426,2
ID_427,2
ID_428,2
ID_429,1
ID_430,4
ID_431,1
ID_432,1
ID_433,1
ID_434,4
ID_435,2
ID_436,2
ID_437,3
ID_438,3
ID_439,3
ID_440,1
ID_441,1
ID_442,4
ID_443,3
ID_444,3
ID_445,4
ID_446,4
ID_447,3
ID_448,1
ID_449,3
ID_450,1
ID_451,3
ID_452,1
ID_453,2
ID_454,1
ID_455,4
ID_456,3
ID_457,3
ID_458,3
ID_459,2
ID_460,2
ID_461,1
ID_462,2
ID_463,1
ID_464,2
ID_465,1
ID_466,3
ID_467,4
ID_468,4
ID_469,4
ID_470,1
ID_471,1
ID_472,1
ID_473,3
ID_474,4
ID_475,2
ID_476,2
ID_477,4
ID_478,1
ID_479,4
ID_480,2
ID_481,3
ID_482,4
ID_483,2
ID_484,2
ID_485,2
ID_486,3
ID_487,2
ID_488,1
ID_489,2
ID_490,1
ID_491,2
ID_492,2
ID_493,2
ID_494,1
ID_495,3
ID_496,3
ID_497,3
ID_498,4
ID_499,3
ID_500,4
